<GeocodeResponse>
    <status>OK</status>
    <result>
        <type>route</type>
        <formatted_address>Maligawatta Pl, Colombo 01000, Sri Lanka</formatted_address>
        <address_component>
            <long_name>Maligawatta Place</long_name>
            <short_name>Maligawatta Pl</short_name>
            <type>route</type>
        </address_component>
        <address_component>
            <long_name>Colombo 10</long_name>
            <short_name>Colombo 10</short_name>
            <type>political</type>
            <type>sublocality</type>
            <type>sublocality_level_1</type>
        </address_component>
        <address_component>
            <long_name>Colombo</long_name>
            <short_name>Colombo</short_name>
            <type>locality</type>
            <type>political</type>
        </address_component>
        <address_component>
            <long_name>Colombo</long_name>
            <short_name>Colombo</short_name>
            <type>administrative_area_level_2</type>
            <type>political</type>
        </address_component>
        <address_component>
            <long_name>Western Province</long_name>
            <short_name>WP</short_name>
            <type>administrative_area_level_1</type>
            <type>political</type>
        </address_component>
        <address_component>
            <long_name>Sri Lanka</long_name>
            <short_name>LK</short_name>
            <type>country</type>
            <type>political</type>
        </address_component>
        <address_component>
            <long_name>01000</long_name>
            <short_name>01000</short_name>
            <type>postal_code</type>
        </address_component>
        <geometry>
            <location>
                <lat>6.9358553</lat>
                <lng>79.8689634</lng>
            </location>
            <location_type>GEOMETRIC_CENTER</location_type>
            <viewport>
                <southwest>
                    <lat>6.9345145</lat>
                    <lng>79.8676146</lng>
                </southwest>
                <northeast>
                    <lat>6.9372125</lat>
                    <lng>79.8703126</lng>
                </northeast>
            </viewport>
            <bounds>
                <southwest>
                    <lat>6.9358445</lat>
                    <lng>79.8685388</lng>
                </southwest>
                <northeast>
                    <lat>6.9358825</lat>
                    <lng>79.8693884</lng>
                </northeast>
            </bounds>
        </geometry>
        <place_id>ChIJG_J0VQFZ4joRaCITmiv2mLI</place_id>
    </result>
    <result>
        <type>neighborhood</type>
        <type>political</type>
        <formatted_address>Maligawatte, Colombo, Sri Lanka</formatted_address>
        <address_component>
            <long_name>Maligawatte</long_name>
            <short_name>Maligawatte</short_name>
            <type>neighborhood</type>
            <type>political</type>
        </address_component>
        <address_component>
            <long_name>Colombo 10</long_name>
            <short_name>Colombo 10</short_name>
            <type>political</type>
            <type>sublocality</type>
            <type>sublocality_level_1</type>
        </address_component>
        <address_component>
            <long_name>Colombo</long_name>
            <short_name>Colombo</short_name>
            <type>locality</type>
            <type>political</type>
        </address_component>
        <address_component>
            <long_name>Colombo</long_name>
            <short_name>Colombo</short_name>
            <type>administrative_area_level_2</type>
            <type>political</type>
        </address_component>
        <address_component>
            <long_name>Western Province</long_name>
            <short_name>WP</short_name>
            <type>administrative_area_level_1</type>
            <type>political</type>
        </address_component>
        <address_component>
            <long_name>Sri Lanka</long_name>
            <short_name>LK</short_name>
            <type>country</type>
            <type>political</type>
        </address_component>
        <geometry>
            <location>
                <lat>6.9372716</lat>
                <lng>79.8717512</lng>
            </location>
            <location_type>APPROXIMATE</location_type>
            <viewport>
                <southwest>
                    <lat>6.9336400</lat>
                    <lng>79.8660579</lng>
                </southwest>
                <northeast>
                    <lat>6.9395827</lat>
                    <lng>79.8730677</lng>
                </northeast>
            </viewport>
            <bounds>
                <southwest>
                    <lat>6.9336400</lat>
                    <lng>79.8660579</lng>
                </southwest>
                <northeast>
                    <lat>6.9395827</lat>
                    <lng>79.8730677</lng>
                </northeast>
            </bounds>
        </geometry>
        <place_id>ChIJn_-xRQFZ4joR9tRRDR-pTuk</place_id>
    </result>
    <result>
        <type>political</type>
        <type>sublocality</type>
        <type>sublocality_level_1</type>
        <formatted_address>Colombo 10, Colombo, Sri Lanka</formatted_address>
        <address_component>
            <long_name>Colombo 10</long_name>
            <short_name>Colombo 10</short_name>
            <type>political</type>
            <type>sublocality</type>
            <type>sublocality_level_1</type>
        </address_component>
        <address_component>
            <long_name>Colombo</long_name>
            <short_name>Colombo</short_name>
            <type>locality</type>
            <type>political</type>
        </address_component>
        <address_component>
            <long_name>Colombo</long_name>
            <short_name>Colombo</short_name>
            <type>administrative_area_level_2</type>
            <type>political</type>
        </address_component>
        <address_component>
            <long_name>Western Province</long_name>
            <short_name>WP</short_name>
            <type>administrative_area_level_1</type>
            <type>political</type>
        </address_component>
        <address_component>
            <long_name>Sri Lanka</long_name>
            <short_name>LK</short_name>
            <type>country</type>
            <type>political</type>
        </address_component>
        <geometry>
            <location>
                <lat>6.9224091</lat>
                <lng>79.8660836</lng>
            </location>
            <location_type>APPROXIMATE</location_type>
            <viewport>
                <southwest>
                    <lat>6.9167798</lat>
                    <lng>79.8469356</lng>
                </southwest>
                <northeast>
                    <lat>6.9434355</lat>
                    <lng>79.8782053</lng>
                </northeast>
            </viewport>
            <bounds>
                <southwest>
                    <lat>6.9167798</lat>
                    <lng>79.8469356</lng>
                </southwest>
                <northeast>
                    <lat>6.9434355</lat>
                    <lng>79.8782053</lng>
                </northeast>
            </bounds>
        </geometry>
        <place_id>ChIJe3EneglZ4joR13ELxe9K9-g</place_id>
    </result>
    <result>
        <type>locality</type>
        <type>political</type>
        <formatted_address>Colombo, Sri Lanka</formatted_address>
        <address_component>
            <long_name>Colombo</long_name>
            <short_name>Colombo</short_name>
            <type>locality</type>
            <type>political</type>
        </address_component>
        <address_component>
            <long_name>Colombo</long_name>
            <short_name>Colombo</short_name>
            <type>administrative_area_level_2</type>
            <type>political</type>
        </address_component>
        <address_component>
            <long_name>Western Province</long_name>
            <short_name>WP</short_name>
            <type>administrative_area_level_1</type>
            <type>political</type>
        </address_component>
        <address_component>
            <long_name>Sri Lanka</long_name>
            <short_name>LK</short_name>
            <type>country</type>
            <type>political</type>
        </address_component>
        <geometry>
            <location>
                <lat>6.9270786</lat>
                <lng>79.8612430</lng>
            </location>
            <location_type>APPROXIMATE</location_type>
            <viewport>
                <southwest>
                    <lat>6.8625113</lat>
                    <lng>79.8225192</lng>
                </southwest>
                <northeast>
                    <lat>6.9805844</lat>
                    <lng>79.8900852</lng>
                </northeast>
            </viewport>
            <bounds>
                <southwest>
                    <lat>6.8623907</lat>
                    <lng>79.8223258</lng>
                </southwest>
                <northeast>
                    <lat>6.9812866</lat>
                    <lng>79.8900852</lng>
                </northeast>
            </bounds>
        </geometry>
        <place_id>ChIJA3B6D9FT4joRjYPTMk0uCzI</place_id>
    </result>
    <result>
        <type>administrative_area_level_2</type>
        <type>political</type>
        <formatted_address>Colombo, Sri Lanka</formatted_address>
        <address_component>
            <long_name>Colombo</long_name>
            <short_name>Colombo</short_name>
            <type>administrative_area_level_2</type>
            <type>political</type>
        </address_component>
        <address_component>
            <long_name>Western Province</long_name>
            <short_name>WP</short_name>
            <type>administrative_area_level_1</type>
            <type>political</type>
        </address_component>
        <address_component>
            <long_name>Sri Lanka</long_name>
            <short_name>LK</short_name>
            <type>country</type>
            <type>political</type>
        </address_component>
        <geometry>
            <location>
                <lat>6.8601967</lat>
                <lng>80.0534923</lng>
            </location>
            <location_type>APPROXIMATE</location_type>
            <viewport>
                <southwest>
                    <lat>6.7491249</lat>
                    <lng>79.8225192</lng>
                </southwest>
                <northeast>
                    <lat>6.9805844</lat>
                    <lng>80.2339281</lng>
                </northeast>
            </viewport>
            <bounds>
                <southwest>
                    <lat>6.7491249</lat>
                    <lng>79.8223258</lng>
                </southwest>
                <northeast>
                    <lat>6.9812866</lat>
                    <lng>80.2339281</lng>
                </northeast>
            </bounds>
        </geometry>
        <place_id>ChIJjXY40tpT4joRAGLfCGSohJ8</place_id>
    </result>
    <result>
        <type>administrative_area_level_1</type>
        <type>political</type>
        <formatted_address>Western Province, Sri Lanka</formatted_address>
        <address_component>
            <long_name>Western Province</long_name>
            <short_name>WP</short_name>
            <type>administrative_area_level_1</type>
            <type>political</type>
        </address_component>
        <address_component>
            <long_name>Sri Lanka</long_name>
            <short_name>LK</short_name>
            <type>country</type>
            <type>political</type>
        </address_component>
        <geometry>
            <location>
                <lat>6.9016086</lat>
                <lng>80.0087746</lng>
            </location>
            <location_type>APPROXIMATE</location_type>
            <viewport>
                <southwest>
                    <lat>6.3339960</lat>
                    <lng>79.8168682</lng>
                </southwest>
                <northeast>
                    <lat>7.3244779</lat>
                    <lng>80.3798341</lng>
                </northeast>
            </viewport>
            <bounds>
                <southwest>
                    <lat>6.3339960</lat>
                    <lng>79.8163752</lng>
                </southwest>
                <northeast>
                    <lat>7.3244779</lat>
                    <lng>80.3798341</lng>
                </northeast>
            </bounds>
        </geometry>
        <place_id>ChIJmZuWSbRS4joRJjAclJYvwKc</place_id>
    </result>
    <result>
        <type>country</type>
        <type>political</type>
        <formatted_address>Sri Lanka</formatted_address>
        <address_component>
            <long_name>Sri Lanka</long_name>
            <short_name>LK</short_name>
            <type>country</type>
            <type>political</type>
        </address_component>
        <geometry>
            <location>
                <lat>7.8730540</lat>
                <lng>80.7717970</lng>
            </location>
            <location_type>APPROXIMATE</location_type>
            <viewport>
                <southwest>
                    <lat>5.9186784</lat>
                    <lng>79.5219827</lng>
                </southwest>
                <northeast>
                    <lat>9.8357664</lat>
                    <lng>81.8787029</lng>
                </northeast>
            </viewport>
            <bounds>
                <southwest>
                    <lat>5.6816000</lat>
                    <lng>79.2677000</lng>
                </southwest>
                <northeast>
                    <lat>10.0337700</lat>
                    <lng>82.1448000</lng>
                </northeast>
            </bounds>
        </geometry>
        <place_id>ChIJnR5a9jxZ4joRjNPiALSkPeE</place_id>
    </result>
</GeocodeResponse>